Bond,KappaTR0,HbyR0,ZcmbyR0,WbyR0,RWbyR0,PbyR0,AbyR02
3.897913387842457e-08,1.9743133965615633,2.0162462415742786,1.0022284704855364,1.0114406627330668,0.14446433804247194,3.183495532608069,12.635627198406358
4.006702398561472e-06,2.0016748983192727,1.9897921820317066,0.9889801382788513,0.9997853274399686,0.09120448430241587,3.138652401605035,12.54899050652938
4.006357204923475e-05,2.0015886702625685,1.9918346842858041,0.9913278503116479,0.99976599648717,0.07315519606307032,3.1381299093351496,12.550078525581794
0.0004004733196802,2.0011829493582036,1.992797685660744,0.9924860255519984,0.9996961173401867,0.05483176022091374,3.138008139461388,12.550929796387653
0.0006345843621919,2.000988915554654,1.993110264034233,0.9929029819961369,0.9996445499300796,0.05347670336047011,3.1379167698847144,12.550973835879947
0.0010054459853568,2.0006880225931503,1.9950262349766283,0.9949684315823412,0.9996968269819285,0.0024332049613227124,3.1372128074323586,12.551227440667159
0.0015928401556204,2.000258376926965,1.9929123951249916,0.9930534479835156,0.9997754543950721,0.012619052962019773,3.137117805435079,12.551965012432124
0.0025228225237247,1.999601021113673,1.9909460898350495,0.9913836750767311,0.999912650210884,0.015025325411735882,3.13680830529949,12.552757821558348
0.0039943505438843,1.9985871369255583,1.9892102651497372,0.9900928184226672,1.0001448204239043,0.01257258563378461,3.1359470864699186,12.553074065342445
0.0041819728473925,1.9984376558208645,1.9863432286866276,0.9873037822371316,1.0001839833280484,0.024209406528941425,3.137023402767748,12.556361769566179
0.004378455460439,1.9982989865276515,1.9862889100901964,0.9873128972955506,1.0002166554329293,0.023552483795629492,3.1367505517375354,12.55602146563535
0.0045841439000326,1.9981547557803578,1.9862164965882751,0.9873058918051338,1.0002511870890953,0.023063527133964274,3.136510587135651,12.555744722594481
0.0048002079834386,1.998158926207332,1.9860949385065942,0.9870948253429287,1.0002289808221936,0.06761036923358453,3.1361605707359024,12.551270479702152
0.0050256755078953,1.9980079966014972,1.9857477845364255,0.9868131097453384,1.0002615047435504,0.06802806173082357,3.136075279723421,12.55128551673307
0.0052616963105765,1.997850051384519,1.9853796136993422,0.9865132691110882,1.0002966127137811,0.06860931554572673,3.1359860992440725,12.551304656294384
0.005508761243419,1.9976848450644409,1.9849758719696795,0.9861808088190853,1.0003340505872167,0.0707282707738867,3.135897280821722,12.55132813423188
0.0057673841546123,1.997512197546717,1.9845957641607035,0.9858749145169681,1.0003739666290203,0.07034507303470858,3.1357901264630956,12.551345640305394
0.0060381004278119,1.9973315676339731,1.9841056694284285,0.9854623044721519,1.0004162769262928,0.07285243287779727,3.1357099284095473,12.551385357097098
0.0063214590765522,1.997140714166529,1.9839223306018872,0.9853603245775527,1.0004625122242257,0.07296455598862532,3.135564710969902,12.551412360580027
0.006618091784148,1.996946330289908,1.9832648223724312,0.9847851559176193,1.0005087161744768,0.0734474427745611,3.1354625887117646,12.551410428714929
0.0069285598752179,1.9967398579765294,1.9823177859989076,0.9839144746611095,1.000568666322244,0.07536364277053044,3.135265222004925,12.551383693647196
0.007253520110125,1.9965234233191322,1.9817976647469588,0.9834868672132948,1.000619288522782,0.07646876266890953,3.135143653523058,12.551410071721794
0.0075936454224234,1.9962970140185392,1.9812577606606485,0.9830435232548892,1.000673106872475,0.07791646938896055,3.135012374515969,12.551437518598116
0.0079496348787567,1.99605999740262,1.9806819518819418,0.9825686674914459,1.0007301402897062,0.07972188161067183,3.1348787353102416,12.551472447118998
0.0083222197402186,1.99581181542502,1.9801606500214428,0.9821529559408413,1.0007908975252502,0.07967409897142722,3.1347174646952403,12.551503727723203
0.0087121731787926,1.9955529223514923,1.9795361382424912,0.9816380388558912,1.0008545701639266,0.08011225100368446,3.134568912563096,12.551537173362973
0.0091202855439134,1.9952816930121207,1.9788452735045496,0.9810619613569768,1.000922058878622,0.08207237030896385,3.1344224433683134,12.551583221393301
0.0095473969781624,1.9949981183031487,1.9783334914930422,0.9806698847005858,1.0009932242288317,0.07824389986816892,3.134201420253563,12.551606777875193
0.009994395643943,1.9947031285889005,1.9771114548740902,0.9795603001224171,1.00106693493843,0.08513842780938437,3.1339928908428805,12.551569156343573
0.0104621579856232,1.994392521236585,1.9763888429232617,0.9789690553338212,1.0011432159121392,0.08643423015981642,3.1338110893938684,12.551612263530009
0.0109516553719279,1.9940676339964287,1.9755369328068237,0.9782542936941868,1.001223715245086,0.09017233320538673,3.1336460264972836,12.55166834769602
0.0114638668068485,1.9937264282277978,1.975048128446236,0.977909915932323,1.0013092861206982,0.08580439549734167,3.1333590855015383,12.551700460576145
0.0119998804585723,1.9933724874955199,1.9739092675769454,0.9769192033378155,1.0013979736328626,0.0933720760583716,3.1332474115429876,12.551777823285349
0.0125607328698581,1.9930008768110197,1.9730237028501614,0.9761895901242642,1.0014920434029861,0.09577623878074285,3.1330368753431603,12.551837280239852
0.0131475918265384,1.9926136744411378,1.97173303964328,0.975049458824618,1.0015850045993078,0.0986250709252775,3.132735074669344,12.551796685208663
0.0137615988065014,1.9922069292957383,1.9707977823427845,0.9742851249562924,1.001686261479199,0.10036215114969149,3.1325033323581346,12.551862626394088
0.0144040104249691,1.9917815883181589,1.969834242899795,0.973499998484075,1.0017928595667747,0.10185398705844183,3.1322653623574173,12.551940014961206
0.0150761208219357,1.991337189927536,1.9687933859690494,0.9726450121271633,1.0019048048728865,0.10395629745318788,3.1320170259327917,12.552009497330346
0.0157792638178056,1.99087213761095,1.9677301572587846,0.971776134478552,1.0020228026745932,0.10585691414953034,3.131756423584484,12.552092641572965
0.0165148503366945,1.9903860590433926,1.9666316731251865,0.9708803577425466,1.0021465745009492,0.1083726584748732,3.1314809329404394,12.552177280053808
0.0172843715029839,1.9898795836584409,1.9651127132573005,0.969560882268326,1.0022647654058459,0.11142388926695365,3.131123274917393,12.552154479131868
0.0180892937893401,1.989348203725714,1.9639367013084241,0.9686065307162844,1.0023982761303638,0.11364624622514623,3.130826359764564,12.552247502757382
0.0189312374598999,1.9887926281351684,1.9627037454715006,0.96760494450792,1.0025386791721684,0.11578605929511691,3.130521775947526,12.552352006002115
0.0198118627443197,1.9882118378854161,1.961422028778847,0.9665646748572285,1.0026861929764008,0.11787001746653882,3.130204556008627,12.55246470288115
0.0207328964388576,1.9876045817476693,1.9600865159567606,0.9654812418492839,1.0028410501739757,0.11992586014477384,3.1298733405075487,12.552588020524636
0.0216962136658455,1.9869730404895969,1.9583745118951392,0.9640189639707316,1.00298730659562,0.12325702221796102,3.1294415664451067,12.552577240175408
0.0227035605799368,1.9863098044206458,1.9569470928126607,0.962866774936201,1.0031545819568666,0.1259777976080179,3.1290902671190923,12.552720395908702
0.0237569663988498,1.9856170425327542,1.955463505588269,0.9616699171919977,1.003330143794296,0.12871101490987166,3.128718468225629,12.55285811317216
0.0248584568737797,1.9848929208987989,1.9539198591201927,0.9604254844156664,1.003514393077054,0.13148867041279474,3.128336766396673,12.553016636414458
0.026010164249165,1.9841365042001777,1.9523447155746994,0.9591621111247054,1.0037074461790645,0.13369147317742278,3.1279249251988333,12.553170183919638
0.0272142836331634,1.9833458572758902,1.950718913566315,0.9578615649958104,1.0039098352644977,0.1366035216428376,3.1274952507081024,12.553338460289574
0.0284730560251579,1.9825175535738473,1.9495343864766488,0.9570161480577485,1.004122859076502,0.13647086816728146,3.1268772085992294,12.553405930992126
0.0297890449190552,1.9816561053750985,1.9475445315090798,0.9553798346988762,1.0043437642930224,0.14089761013085178,3.126499196362457,12.553647941429803
0.031164609707694,1.980755388978235,1.9455403286087214,0.9537449602636097,1.0045751932860438,0.14481061851229543,3.126088951945179,12.553905284846838
0.0326023433176092,1.979814078542433,1.9435210828211429,0.9521111680537039,1.004817295385833,0.14826374070648177,3.125647751838225,12.554175271237325
0.0341049417244048,1.9788307747711906,1.941482854882954,0.9504748990781668,1.005071023410561,0.15130759361535134,3.125176859947832,12.554455766334742
0.0356751975323103,1.977803737413786,1.9394002573749463,0.9488114347750313,1.005337110745377,0.15452309219572982,3.1246818816856385,12.554752542379694
0.037316011855502,1.9767311732580621,1.9372568474836243,0.9471050146583908,1.0056158620533866,0.15792055744218164,3.124165500149546,12.555069376766477
0.0390303820196321,1.9756108427428742,1.9350203141715712,0.9453243892309475,1.0059077656717168,0.16152951733987694,3.1236513448731134,12.555439217576012
0.0408214593561017,1.9744414662291847,1.932728937627427,0.9435079628255729,1.0062128568616355,0.16532481808004187,3.1231079341250974,12.55582456833615
0.0426925392544518,1.973222201367289,1.9304210217360238,0.9416937221635477,1.0065308691470194,0.16781957094305155,3.1224942819923047,12.556157564399648
0.0446469153487293,1.9719492303960187,1.9280042359687537,0.9397917501888783,1.0068631384532916,0.17155701813560859,3.121890232343185,12.55656012213867
0.0466881093312361,1.9706211681346248,1.9254978211841989,0.9378213937640888,1.007209641876088,0.1750605447172183,3.1212691297165898,12.556988663881345
0.0488197349919651,1.9692357379418766,1.922912142367833,0.9357939103074135,1.007570887769895,0.17881228333275348,3.120629246254607,12.557451934657418
0.0510455252915966,1.967790405297023,1.9202183222079405,0.9336815127840046,1.0079474488938578,0.18327694122979418,3.1199938821208253,12.557980015527466
0.0533694205552079,1.9662839931850629,1.917481525154183,0.9315491587895014,1.0083392315127149,0.18662962838195696,3.1192986776174982,12.558489185057041
0.055795438528048,1.9647140354185717,1.9147082583472947,0.929404284981714,1.0087467319787362,0.18981640303426514,3.118559041787996,12.559007055632364
0.0583276855175246,1.9630771675834868,1.9118648833724323,0.9272149815646762,1.009170988436042,0.19287518101050838,3.117790645872898,12.559574011558155
0.0609704743375894,1.961371167824774,1.9088494315296476,0.9248799519738521,1.009612340731742,0.19709593742992132,3.1170463610479167,12.560210709105304
0.063728241435854,1.9595933961114207,1.9056536193946538,0.9223918814079486,1.0100713962001158,0.20281936927732103,3.11633068960196,12.560924173425757
0.0666056285168043,1.957742033568565,1.9025245101029735,0.9199979118810657,1.0105482885279458,0.2063390894862358,3.1155070675254857,12.561620705499582
0.0696073185136185,1.9558135556044167,1.8992585758397635,0.91749627704462,1.0110440233534288,0.21056364168129665,3.1146845649521913,12.562388460812672
0.0727381951325013,1.953805196293642,1.8957769684612547,0.9148091127444768,1.011559203055437,0.21624567162242941,3.1139076487355113,12.563251599710908
0.0760033627837082,1.9517150186422372,1.8923026007364652,0.9121594027483994,1.0120940144232653,0.22064462379620478,3.113054443241219,12.564129969276879
0.0794079892617762,1.94953977213903,1.8887359548309015,0.9094489714653143,1.0126492691811018,0.2253130553026687,3.1121712917214475,12.56505457082326
0.0829574537267894,1.9472768765390798,1.8851038249764644,0.9067052633115408,1.0132254292005114,0.22953892109486976,3.111249664626535,12.566022680457795
0.0866572406648463,1.9449230711894943,1.8813059483152383,0.9038292637608124,1.0138232999115446,0.23476473721489366,3.1103386456285675,12.567082261533287
0.0905129751386467,1.9424749198410118,1.8774350189789193,0.9009149874922038,1.0144437647586488,0.23989266062001915,3.1093932664308777,12.568203570916761
0.0945305050497538,1.9399296867760587,1.8734636765630184,0.8979357515079136,1.01508732804311,0.2446213208186502,3.1084258473532382,12.569398605811918
0.0987157485401449,1.937283687145742,1.8693911130169272,0.8948922349830274,1.0157549758587636,0.249619325075031,3.1074385275229712,12.570674828069185
0.1030745816895284,1.9345314320546947,1.8652640953286408,0.891834129879686,1.016448629403276,0.25395282739069225,3.1064475441128514,12.572262397104652
0.1076144434778601,1.9316804392734113,1.8609243450203885,0.8885948929318569,1.0171633591320681,0.2600621442935821,3.105391302959418,12.573448842254978
0.1123404676734824,1.9287152472202578,1.8565469645630037,0.8853611797201578,1.0179063314502186,0.26519570854327607,3.1043325130002604,12.57497490389403
0.11725981299621,1.9256377828486768,1.85203393198822,0.8820314078155239,1.018675502305508,0.27087542106922086,3.1032609099707975,12.576586040654494
0.1223791170043185,1.9224438221661286,1.8474120817193809,0.8786341491985389,1.0194721008091343,0.27650081077655436,3.102181059763925,12.578336390969744
0.1277053045237348,1.9191303274213238,1.8426951545157526,0.8751838986517994,1.0202967139163248,0.28204884496539345,3.1010644372536222,12.580154293740046
0.1332454268432115,1.9156940757858985,1.8378724681107164,0.8716707826488772,1.021150004308372,0.28780729535291677,3.0999204858443994,12.58206538107602
0.1390066030981853,1.9121313207812431,1.8329371592227608,0.8680892004933869,1.022032902800639,0.2935079139272458,3.0987635764798047,12.584107402436139
0.1449960972534129,1.9084384436305288,1.8278851074335873,0.8644361565612361,1.022946287747675,0.2994261788236704,3.0976039204854464,12.586309662660364
0.1512213553972752,1.904612205635913,1.8227281401035424,0.8607242617763481,1.0238908242731775,0.30527364580376926,3.0964241433667046,12.588646949162836
0.1576902519142001,1.9006511970033915,1.8174575343179185,0.8569439523912089,1.0248661641556671,0.31128794459497733,3.09520520356868,12.59104362354075
0.1644103117060629,1.8965510025625687,1.8120861958080092,0.8531099385741822,1.0258735930937186,0.31720479665537005,3.093945284328508,12.59352724516682
0.1713886229927879,1.8923043806196547,1.8065601383816559,0.8491723804629109,1.0269159120020928,0.3239214792377658,3.0928216473172543,12.596537991793442
0.1786342038939864,1.8879144450799095,1.8009522994433365,0.8451995550157312,1.0279903401484751,0.33024521573927,3.091622574538615,12.59953207977331
0.1861546312896689,1.8833755265198602,1.795241471168269,0.8411730868731927,1.0290988039245712,0.3363628356081681,3.0902911126001222,12.602420577325747
0.1939581864122072,1.8786853870425688,1.7894272416968162,0.8370924456780062,1.0302413889409632,0.3423282413784661,3.088879577228692,12.605316927105983
0.2020523359874276,1.8738375514694408,1.7834800777495,0.8329316392919041,1.031420494483226,0.34877107035021643,3.0875778446507876,12.608681072472566
0.2104457409924067,1.8688311761017744,1.7774191097308354,0.8287085277743839,1.0326354348512137,0.3555453557087608,3.086264323431185,12.612227780177351
0.2191465780588843,1.8636628442845384,1.7712425098755915,0.8244222550453202,1.033886906562361,0.3622041573905089,3.0849466381115276,12.61598027752728
0.228163768091953,1.8583321492165112,1.7649914556929138,0.8201125403101941,1.035173942176175,0.3691432007803622,3.08380774407406,12.620351708250695
0.2375050372132585,1.8528335773634268,1.7585844782028635,0.8157004232201932,1.036498378107189,0.3755219880556225,3.082229372968711,12.623949210944001
0.2471786437113982,1.8471640704742418,1.7520673831809896,0.8112327257757819,1.0378606859274615,0.38241386117361037,3.080883755235561,12.628312341482165
0.2571941974000738,1.8413255655648029,1.745473946459492,0.8067398080371654,1.0392584850521234,0.38910194063008174,3.079466464930671,12.632747361605707
0.2675578540621807,1.8353075535288208,1.738699363912364,0.8021237811901827,1.040696382445466,0.3965206331937383,3.0781510294703365,12.637660049619907
0.278279538418243,1.8291134243725937,1.7318108994684074,0.7974475064082512,1.0421710944124591,0.40376619517257295,3.0768296930845445,12.642805896774664
0.2893681251377346,1.8227426061368432,1.724820952646954,0.7927223223018104,1.0436815128912484,0.41118790172051806,3.075477653568487,12.648135569539411
0.3008318373101414,1.8161925842714588,1.7177139537666148,0.7879332240885452,1.0452275512567355,0.418605379532801,3.0741193520934758,12.653724796433444
0.3126784679526224,1.8094600027467014,1.710458838455929,0.7830503978172464,1.0468095629264793,0.42662181625982387,3.0728341306073945,12.659681303724684
0.3249182842406485,1.8025489847453482,1.703105599903107,0.7781192785111763,1.048423509316413,0.43456809798253226,3.071511443891433,12.665919710297398
0.3375593767484628,1.7954573293086045,1.6956256080796779,0.7731116940447837,1.0500689150744584,0.4430220505194508,3.070222859577486,12.67233969968131
0.3506271084538772,1.7882274001981855,1.6915550096587642,0.7712349312204917,1.051511698349402,0.444766864769677,3.070338388384998,12.682877462363107
0.3640955478490288,1.7807693995619314,1.6843410933728986,0.76656747481574,1.0532165824500181,0.45220461921656036,3.06919393348449,12.690135706681328
0.3779902271834045,1.77312880750955,1.67711650812031,0.7619326924576542,1.0549504315041753,0.4592888929208257,3.068066161822002,12.697756210102153
0.392317587327486,1.7653014943434764,1.6699070713939534,0.7573566354285628,1.0567147442464278,0.4669004191857552,3.067033289726568,12.705676948980475
0.4070879848673474,1.7572928509050203,1.662741704208399,0.7528621831163802,1.0585071564483528,0.47369386696589977,3.0660302968189037,12.714216033231152
0.4223049127271237,1.7490936650044182,1.655630837900161,0.7484670347986755,1.0603373272834016,0.48061636305040256,3.0650592626156676,12.722772606401746
0.437976595967349,1.74070610278663,1.6484982643111312,0.7440988223110871,1.0622112091103746,0.48769727779610933,3.064163199183504,12.73184209467174
0.4541013031538458,1.732113609800053,1.6411550222559685,0.739590293632908,1.0641698077264152,0.49502203876278505,3.063320074219937,12.741459260827034
0.470693958064374,1.7233334263663804,1.6336688947932596,0.7349929371472641,1.066190100612186,0.5016184844328613,3.062139174579769,12.750514897544162
0.4877586356888497,1.7143618101931308,1.6260923467480806,0.7303599140261119,1.068250772258131,0.5088955486943797,3.0611681297755258,12.760246910591107
0.505344998221776,1.7052732746113874,1.6182656779782192,0.7254841515883345,1.0703048547739349,0.514571439056377,3.0597402779752003,12.770376369461921
0.5233500608345658,1.6958839870830442,1.6107349260330184,0.7210317708843954,1.0724642862810385,0.5236462757329782,3.0590699991773636,12.77981620282452
0.5418939105384049,1.6863865716806385,1.6031568111460828,0.7165340096648114,1.074601529117138,0.5316749161429684,3.058794833966266,12.79218279938032
0.5608959246756297,1.6766450931577315,1.5950366574060189,0.7115999884876819,1.076796414784657,0.5392184256146872,3.0576118272267934,12.802335064842614
0.5804248631499004,1.666759748241454,1.5871254360125162,0.7069092876714598,1.0789772257950927,0.5464967843263804,3.0564192741934106,12.812020542829698
0.6004735229717604,1.6567116693221788,1.5791414314143362,0.702213097822712,1.0811561219609271,0.5535844126400292,3.0554483034242317,12.82303187556261
0.6211718402619282,1.646667370224148,1.5726124714538343,0.6989713940879808,1.0833045792642844,0.5597046458643783,3.0544246644714317,12.830524932170968
0.6420581679138052,1.6360146472764876,1.5641198380864423,0.6939043321555263,1.0860845518134503,0.5668763481416677,3.053131798324821,12.84263211914416
0.663379634624528,1.6251036562114543,1.554438085372574,0.6873414839793742,1.0891129249528242,0.5768374490878646,3.0539971252072604,12.867716788523879
0.685601734747605,1.6144922101082473,1.547367672273452,0.6839957718998583,1.0910883016766366,0.5823634097848419,3.0518966863299974,12.87065258796085
0.7083260506641661,1.6036759168177768,1.5392067535823202,0.679146261489869,1.0931148292020318,0.5911462663941119,3.0518735901120295,12.886240517892553
0.7317828334942607,1.5929095231714492,1.5319121396334645,0.6748720693531501,1.0956803779127295,0.5986283660526943,3.052093817528548,12.902954283513766
0.7554170366977638,1.5815880960249615,1.523039513158076,0.6694705419638622,1.098548116087483,0.6067708291860842,3.0520410259736304,12.921500744630507
0.7795861536397605,1.570117154174047,1.5143857089326935,0.664358176000546,1.1013422688649486,0.6145061377848448,3.0515864692424475,12.938020086610974
0.80435571830196,1.558561976727651,1.5060176355838957,0.6595337197477182,1.104075539521131,0.6220428113805802,3.051187716777541,12.95417331998687
0.8294837024281767,1.5466923188316921,1.497524296476186,0.6547395185907904,1.1069528557778723,0.6295050012066186,3.050230658789609,12.968315369177512
0.8553297583778052,1.5348530129440572,1.4892940348860226,0.6501216865479045,1.1097273582807046,0.6370358256740825,3.049884582339942,12.984581997301056
0.8817284469508528,1.5228861124714657,1.48108336489389,0.645546819034112,1.1125141819084903,0.6445085215650301,3.0496101860166687,13.001258425559982
0.9086811426267604,1.5107957614226952,1.472890585678101,0.6410108760095761,1.1153144335096692,0.6520216092202344,3.049404832827268,13.018350416796268
0.9361898059345906,1.4985869760966044,1.4647176657649164,0.6365133319866626,1.1181284769504987,0.6594624155667355,3.049266093988978,13.03584885892828
0.9642576199595804,1.4862659891487269,1.4565711391597056,0.6320576326286288,1.1209556281388642,0.6669324764224103,3.0491936963637865,13.053738425351243
0.9928890653113344,1.4738400842449897,1.448460010125824,0.627649146131622,1.1237945478278202,0.6743276031485129,3.049186400366183,13.071987643642522
1.0220920258952444,1.4613188957512664,1.440400568074154,0.6232989778029707,1.126642466449145,0.6816513418402281,3.049241773550044,13.090535286964768
1.0518811335822842,1.4487162543657326,1.432423679734051,0.6190298840215924,1.1294937518278234,0.689002638304107,3.049348135718198,13.109233947356245
1.0827005990891172,1.4363298579642445,1.4252731873171907,0.6153769152031544,1.1321192834937355,0.696317509458858,3.0494475047306686,13.125495044087264
1.1135727099001846,1.423505959358798,1.4173675737917986,0.6112236774739093,1.135039095109693,0.7034759023194562,3.049344280250107,13.143379997053461
1.14494155400884,1.410560307617565,1.409317933672207,0.6069676198740194,1.138016014560361,0.7105772904956756,3.0494133516658564,13.162643037480219
1.1766630426758873,1.3974171102754347,1.4008371494469454,0.6023885315570687,1.1411092612220655,0.7179134700840147,3.0498987034125533,13.18537609757701
1.2086571430928033,1.384049304796358,1.3920192878479252,0.597603770830643,1.1443052644793459,0.7250155642589805,3.050306225189688,13.20927873557093
1.24138178325224,1.3707324179595473,1.3838393727023521,0.5933831636017003,1.1473612464362046,0.7318523516865003,3.0503429973613976,13.229937537346531
1.274834705172561,1.3574596804264865,1.3762459102119295,0.5896549723961491,1.1502560843808884,0.739224329374157,3.0510947288661345,13.252663444763039
1.3088289913611906,1.3441305534549286,1.3677242845665432,0.5850568395537942,1.1533305611834466,0.7456573936698023,3.0510824829127556,13.2734807355478
1.343225728705568,1.3306826700113201,1.3599616512208927,0.5812580119096398,1.15658699402727,0.753249407869044,3.05200248200803,13.297270828948006
1.3779793403840706,1.3171078955563473,1.351899965146791,0.5772815524560252,1.1600622161058898,0.7606886674264848,3.052502616604526,13.319906367934497
1.4122494071243228,1.3030338579619107,1.3414190898633622,0.571757316654305,1.165674014620348,0.7740566785773013,3.0522822596694814,13.342907817877323
1.4486804229659087,1.289692860343091,1.334979533399104,0.5689246435021102,1.1677514018927582,0.7764046421138656,3.052471469309858,13.361162756484244
1.4858202928000126,1.2763892644653108,1.328380239171844,0.565915336817574,1.1698750152593809,0.7808440502709341,3.052895840867754,13.380257103537335
1.5234254708562351,1.2630211009169432,1.3214264066924029,0.5626010771472828,1.1721389839243024,0.7867106911315946,3.053797479247182,13.402483968051442
1.5618442211483363,1.2497376609306197,1.3146919851507965,0.5594437874411545,1.1744134353384672,0.7922280023203279,3.0538226460276445,13.41921049655104
1.599652841668691,1.2359840630047505,1.3065635945211076,0.5552373725172589,1.1772281583579183,0.8001243196853941,3.056258920012111,13.453470376883503
1.6384796781676685,1.2224202332067744,1.2991261480630556,0.5515815947550851,1.1799639891937406,0.806684222990878,3.057332622233944,13.478572413876757
1.6779322215067698,1.2088911743190647,1.291790750749246,0.5480032266675047,1.1827616546129023,0.8132537796009994,3.0583608787628336,13.503183800571694
1.7178940842966073,1.1953585495195675,1.2843878443468026,0.5443634153788063,1.1856520162217932,0.8197647904327163,3.059434067910416,13.528216705290808
1.7582890106303213,1.1818031164069145,1.2771114784369015,0.5408663583410577,1.188646405462749,0.8263640588481048,3.060594103310013,13.553888032737246
1.799176364672441,1.1682529023131298,1.2697744985243526,0.5373114063598522,1.1917166450857646,0.8328949670839911,3.061795781056689,13.579951968077872
1.8405263193147083,1.1547049195253507,1.262449282956065,0.5337742809091721,1.1948602370654589,0.8394257763987502,3.063048518822467,13.60643784838928
1.882376034136893,1.1411774793306566,1.2552557548893435,0.5303596550755003,1.1980505789450482,0.8459423407411908,3.06438726798433,13.633339277013523
1.9246662068761795,1.1276587925807753,1.2480212759230978,0.5269104713239539,1.2012935670656955,0.8523439137227011,3.065742756002663,13.66051926056112
1.9674369555018367,1.1141673109886334,1.2408371281542399,0.5235058665666636,1.2045647783428526,0.8585971112797828,3.067054089363316,13.687481902373364
2.01062841338927,1.1006922478700338,1.233658008190715,0.5201095651835483,1.2078723235131656,0.8649000646131646,3.0684785356268054,13.715212501877186
2.054276700725166,1.0872501349452561,1.2265276012879018,0.5167549034169475,1.2111961272352305,0.8712131872401663,3.0699541145681213,13.74325178696708
2.098373193232698,1.073844419964325,1.2194426045736135,0.5134382870742672,1.2145312141554097,0.877390658641655,3.071476036489022,13.771581239777285
2.14291339056554,1.0604795773789972,1.2124041120334506,0.5101596026096872,1.217872452028717,0.8835747043062817,3.073046095518707,13.80020577541125
2.1878923950077453,1.047159843065081,1.2054127770923262,0.50691846470708,1.221215775837931,0.8896983575022991,3.07466562463317,13.829129851462962
2.233304685892599,1.0338891758759068,1.1984687161755958,0.5037141421443629,1.2245581008919977,0.8958312336267036,3.076336121809263,13.858361154588023
2.2791443550284014,1.0206713315807883,1.1915718093369856,0.5005457939123334,1.2278971145869293,0.90190700812595,3.0780584589708058,13.88790529717188
2.3254051088799046,1.0075098740946666,1.1847217571751654,0.49741251247458806,1.2312311483171976,0.9079271196021865,3.0798330791020505,13.917766602788648
2.3720805504518427,0.9944082444392941,1.1779183341779305,0.494313518076168,1.2345589885106012,0.9138921046779271,3.0816595045685937,13.947944376182319
2.419164649700304,0.9813698557604241,1.1711617149875606,0.49124840365116607,1.2378796607904676,0.919865741377485,3.08353598141547,13.978429545575205
2.466651866769865,0.968398102104824,1.1644524648637185,0.4882171117379876,1.2411923231825293,0.9257174849528373,3.085459683712083,14.0092053561815
2.514538291709952,0.9554965576070841,1.1577922008622221,0.48522042631474266,1.2444959197073338,0.9316361094784528,3.0874261315313025,14.040241543036748
2.5628208564224444,0.9426687817202725,1.1511828118939786,0.48225934313002056,1.2477893374796984,0.9374283070606295,3.089430491076435,14.071503539045251
2.611499247116011,0.9299186386176327,1.1446275033496258,0.47933584737223167,1.2510709048122122,0.9431543458861137,3.091465765284233,14.102937993021165
2.660579599889206,0.9172508616419722,1.138132559072313,0.4764542089326131,1.2543375200747597,0.9488673869975706,3.093517783138304,14.13443492152741
2.7100977836327504,0.9046747738352969,1.1317202967300588,0.4736308968996487,1.257579313752073,0.9544006603655321,3.0955255465624916,14.165539717964126
2.7600468943672465,0.8921918063657575,1.1253979229583346,0.47087465008462887,1.2607966980254401,0.959581117233489,3.097254550256982,14.194813556986285
2.8101987576862277,0.8797687241829356,1.1190171150335468,0.4680626504024017,1.2640396918305619,0.96545162902651,3.0997126906770816,14.22887102889537
2.860647220181259,0.867425433068878,1.11266355729822,0.46526944566556083,1.2672837970653976,0.9711281258056896,3.102095157337154,14.26258852145778
2.911416162011027,0.8551693840306276,1.1063552231581306,0.46250753395435523,1.270521062447833,0.9767090340569581,3.1044867636932785,14.296426716075448
2.962640785485549,0.8430231457944989,1.1001567679986293,0.4598236475233802,1.2737226509051012,0.9821497001017393,3.106790229090285,14.329519365231308
3.0142678165836907,0.830980663902028,1.0940347438121254,0.4571907251445186,1.2769036774944817,0.9875155860901453,3.109088516298622,14.362464368109274
3.065366742294378,0.8189195151004114,1.0875655619011615,0.45429528593265456,1.280255653198916,0.9921956241648502,3.1110327279800742,14.394405201320279
3.1182569342585484,0.807153154472879,1.081807561805114,0.45191852301741925,1.2832947230415133,0.9981616002193447,3.1138461725188837,14.429728319301146
3.170153368238788,0.7953167638317794,1.0755449835294784,0.4491711111041815,1.2865909912346507,1.0020655577013842,3.115244974881987,14.45772406720206
3.22305665952652,0.7836713505352647,1.0695909490018345,0.44663367931550446,1.2897394853332311,1.0082760154060515,3.11857886225062,14.497411793239735
3.277316986870057,0.7722523250171898,1.0641067833254083,0.4444348940628099,1.2927017402140417,1.0136277379695553,3.121026407366548,14.529713085454278
3.3305923690242345,0.7607828980147152,1.0582214990733587,0.4419622746863076,1.2959600259174755,1.0174534357134426,3.1224500487007503,14.557095327749407
3.3836951401916617,0.74936881129536,1.0521651424895302,0.43934521315756087,1.2992793541004695,1.0226857555255013,3.125233844912399,14.594080868198368
3.437792079003042,0.7381418063697979,1.046429363396861,0.4369498602875578,1.3024164945808772,1.0275534732571785,3.1276777285708586,14.627773306562794
3.4920828482022723,0.7270131549956798,1.0407069711565582,0.43455805968897226,1.3055678117189868,1.0324033905124168,3.1302124424210374,14.662163692355618
3.546539942201307,0.715982533376112,1.0349924334800842,0.432165784799587,1.3087406950093818,1.0372959016536967,3.132849024387912,14.697351369809788
3.601218940711434,0.7050578670682254,1.0293086412709898,0.42978905443437204,1.3119223520313852,1.0422295600399614,3.1355665278632032,14.73311302941465
3.6561729236190255,0.6942459646183246,1.023675448266621,0.42744171538540315,1.3151005703643388,1.04714506732359,3.138340383960235,14.769209574721456
3.711440772231932,0.6835515417678294,1.0181063877237901,0.4251331155246982,1.318265600792792,1.052028589436613,3.141143104422822,14.805402982701457
3.7670390703175234,0.6729767527973772,1.012606543806489,0.42286649472445037,1.32141105298198,1.0568619318896426,3.1439498260475705,14.841501007201748
3.822960871420989,0.6625214237564627,1.0071728790810428,0.4206391706398601,1.3245336686657305,1.0616285525739846,3.1467441286579376,14.877395948375012
3.879180719990074,0.6521837991217013,1.0017966044751205,0.4184442488937691,1.3276322930190347,1.066317340781044,3.1495199491143824,14.913070698642985
3.937626480180426,0.642121569405523,0.9970454225060453,0.41668516253243115,1.3303748994201752,1.0706518037571717,3.1516907688989786,14.94248035462495
3.99477351834942,0.6320422073207957,0.9918624673729146,0.4146077914748604,1.3333557139826229,1.0750951260476882,3.1543039383939417,14.976523036333093
4.052225922685468,0.6220808398470822,0.9867314058611617,0.412556472447073,1.336295469655844,1.079516248594556,3.156898577692177,15.010338249396009
4.109990041105187,0.6122381454248653,0.9816531403778475,0.41053134712938455,1.3391902236930053,1.0838212259094486,3.1594770690508405,15.043936811197423
4.16808316553593,0.6025154501828721,0.9766317666098684,0.40853504412481795,1.3420366815756748,1.0881207944430118,3.1620452029931223,15.077342936008797
4.226513646405549,0.5929132254513465,0.971668642775884,0.4065683571151435,1.3448354108687097,1.09237511252301,3.16460937585337,15.110596116954184
4.285287731327235,0.5834316617146172,0.9667645868465258,0.40463182866889,1.3475892500013822,1.0966448252230552,3.1671791675801337,15.143761056493027
4.344398412354799,0.5740699619911107,0.9619169427236182,0.4027236015538572,1.3503043953604168,1.1008417459838173,3.169763867637887,15.17691441373945
4.4038373307816645,0.5648272412639912,0.9571230923923124,0.4008419401403863,1.3529878298069131,1.1050729897194662,3.1723750932344537,15.210150233570339
4.463585691683528,0.5557019725407946,0.952378098835627,0.3989835020742073,1.3556481629184645,1.1092959352372505,3.1750216595032974,15.243552784103876
4.523624025105859,0.5466926700292587,0.9476773850904615,0.3971452514799075,1.3582936922149191,1.1135622467310817,3.177711298685252,15.277198364758155
4.583930422009846,0.537797784148774,0.9430162273237043,0.3953240712819205,1.3609324171309343,1.1178254325523682,3.1804485963400473,15.311142319759448
4.644485300082848,0.5290159865208584,0.9383908854912588,0.3935175578923626,1.3635711840618383,1.1220857244587321,3.1832364800688375,15.345424867843942
4.7052716825703085,0.5203461580690844,0.9337985374530551,0.3917239574503981,1.3662156137876516,1.1263883536371333,3.1860760345006045,15.380069722493033
4.76627364647385,0.5117872785374618,0.9292368038613432,0.38994181550864176,1.3688703413393566,1.1306390012079297,3.1889670349775434,15.41508937038229
4.827479659020921,0.5033385877576064,0.924704442812845,0.38817046715340764,1.3715385819849197,1.134927641727397,3.1919080935559694,15.450483380939728
4.888879473510206,0.4949993918042469,0.9202005384798816,0.38640945380575803,1.3742226580560397,1.1392510534377267,3.194897077957455,15.486244282318594
4.950463661337794,0.4867690293420466,0.9157243630941788,0.3846584256956324,1.3769241372349779,1.143517320761925,3.1979328197493024,15.522370308277617
5.0122262579387975,0.47864699165265734,0.9112759186627893,0.3829175274595077,1.3796435474587803,1.1478140762202516,3.201012050552566,15.558841440319254
5.074160849256702,0.4706327173108309,0.9068550515174476,0.38118677107417154,1.3823810072593155,1.1520950510375325,3.204133101099692,15.595649264241523
5.13626234024238,0.4627256763049516,0.9024618294694594,0.37946630638175727,1.3851360622500002,1.156359006331939,3.2072938531728337,15.63278092749676
5.198527169602532,0.4549253721805313,0.898096564852583,0.37775643907785494,1.387907734808266,1.1606477980682546,3.2104911463898897,15.670214685623883
5.260981199760354,0.44723251965736077,0.8937638893977629,0.3760602332648074,1.3906861396962031,1.1648727766036318,3.213717462388806,15.707875832129254
5.323608917252153,0.43964594505495924,0.8894617808226294,0.3743763474102529,1.3934736145501228,1.16911978103441,3.2169726029797765,15.745774352782195
5.386400392421272,0.4321647263884961,0.8851891684800641,0.37270410307984053,1.3962705184009603,1.1733453956380686,3.220257281611487,15.783921805003834
5.44935251327292,0.42478820711903525,0.8809460808861099,0.3710435568855592,1.3990754208619627,1.1775486990157171,3.2235695383978067,15.822304939476783
5.512462005180013,0.4175156937350713,0.8767325149884135,0.36939475052579784,1.401886965280062,1.181728641340465,3.2269073494115386,15.860909849757748
5.575725459621206,0.41034645964443794,0.8725484543788189,0.36775772594541695,1.4047038905489055,1.1858840203189285,3.230268594265004,15.899721631890777
5.639139404697925,0.4032797502190195,0.8683938898526833,0.366132540799573,1.4075250339367613,1.190013481456948,3.233651040972618,15.938724159120643
5.702702190324081,0.3963148503296345,0.8642691425868184,0.36451949249679394,1.4103491062602065,1.194156171280717,3.237050784288548,15.977887060617
5.766407047448625,0.389450842663668,0.8601736729079454,0.3629182894321079,1.4131755458021125,1.1982290601625658,3.2404685489923906,16.01721766153425
5.830254531864549,0.3826870425143479,0.8561081936146215,0.3613295154146613,1.4160029780256644,1.2023116512649028,3.243898800446571,16.05667098206327
5.894240056468085,0.376022566876763,0.8520725419230611,0.35975314990782725,1.4188307360228747,1.2063618851246634,3.2473407795877938,16.09624102033624
5.95836111433567,0.3694565839221296,0.8480668892319546,0.35818940411214745,1.4216579570743466,1.210378485972844,3.2507922942568137,16.1359094009366
6.022615457223028,0.36298825012826463,0.8440914191885459,0.35663849483913534,1.4244837874958283,1.2143603985457359,3.254251359036169,16.17565902708706
6.087001028656576,0.3566167087739548,0.8401463077731997,0.3551006287899064,1.4273073692331504,1.218306826341457,3.25771624590828,16.215474625620555
6.151517837567965,0.3503411440461745,0.8362319975766119,0.3535761895493277,1.430127600806368,1.222256539172375,3.2611841628761478,16.2553315649101
6.216160077382328,0.344160556194684,0.8323480106996687,0.35206492245643306,1.4329440354759366,1.2261304997039535,3.264656675514608,16.295242336515606
6.280929726384873,0.3380741518657045,0.8284949900420359,0.35056733554634406,1.4357552819892698,1.2300070763097581,3.2681302128951963,16.335175460382423
6.345817284866367,0.3320808115012504,0.8246733416703853,0.34908407044221035,1.4385612148965314,1.2338043840076534,3.2716032893743923,16.375092201647078
6.410812820026821,0.32617941415959095,0.8208806774483182,0.34761326129603726,1.441361675787538,1.2376097758834346,3.2750840917895028,16.41508196362316
6.47590965525345,0.32036892994802735,0.8171157202922376,0.34615396261646875,1.4441560668970148,1.2413867191733168,3.2785758813314914,16.455186071784258
6.541104530400467,0.31464841234598173,0.8133783644372895,0.34470617666347164,1.4469433643119813,1.2451344782479274,3.2820772807359124,16.4953942219235
6.606395965528406,0.3090169488858211,0.8096687108720395,0.34327004104143083,1.4497223373607788,1.2488519052813996,3.285586245554652,16.535689707988087
6.6893962475859965,0.30387394294116926,0.8077967523368302,0.3429434267839094,1.4495627306049947,1.2506198223630554,3.2844224112508487,16.5276435873693
6.754400783685636,0.2983962859689156,0.8040519204773846,0.34146625070952047,1.4525725759722887,1.2544947790821748,3.2882218232096454,16.57073606010638
6.819526080563265,0.29300639377348375,0.8003428094964937,0.3400072634255525,1.455556705740186,1.2583199825313691,3.292001067222473,16.613658923965296
6.884780021608302,0.28770342646802416,0.7966698613404968,0.3385666068003153,1.4585123175996935,1.2620968418309826,3.2957595528623145,16.656401340568387
6.950167603888347,0.2824864617006402,0.7930331164189753,0.33714416403586295,1.4614374373259458,1.2657893302282492,3.299497678743561,16.698962524845996
7.015696831888873,0.2773546215031756,0.7894329596948827,0.3357400647588933,1.4643302563468874,1.2694732875528691,3.303213353635022,16.741320895088712
7.081371342567173,0.27230692411599866,0.7858692332032524,0.334354088380244,1.467189874661215,1.2731119135306466,3.306906691794713,16.783474352152098
7.1471644836647545,0.2673418127353963,0.7823385124312233,0.3329838685562213,1.4700189097724712,1.2767129302699773,3.310588568489621,16.825509615319653
7.213090706122988,0.262458532851336,0.7788417004041895,0.33162989861420245,1.4728160557944765,1.2802363508892955,3.314253470714184,16.867391146104893
7.279158797355669,0.25765619970381654,0.7753793066243273,0.3302924561905363,1.475580940081702,1.283754599962632,3.3178973131475034,16.909081569875042
7.345381964004801,0.25293398832439,0.7719522830753305,0.3289721181827798,1.4783130484345652,1.2872281359578834,3.3215155388098503,16.950536970721952
7.4117820377460015,0.2482911955407734,0.7685624546695432,0.32767004221090296,1.4810112849190484,1.2906168862518215,3.325101285113635,16.991689824009228
7.478387415502178,0.24372718917552333,0.7652122290009178,0.3263877635843099,1.4836741702264786,1.293990260243012,3.3286460414241095,17.032455064894922
7.545237799109217,0.23924147200405724,0.7619050514271181,0.32512748857676566,1.4862995804821406,1.2972707691526617,3.3321399518573034,17.072730265590188
7.61237482127056,0.23483351681771972,0.7586443232351303,0.3238913613682648,1.4888965837331334,1.3005279092046118,3.3355738096619105,17.11241649187695
7.679849807818751,0.2305028839093961,0.7554341850625902,0.3226819770176587,1.4914711684174797,1.303686319726862,3.3389380884714566,17.15140732273525
7.747704067117786,0.22624891854429982,0.7522774161159735,0.3215009787336702,1.4940238312422103,1.3068186118207867,3.3422278057993298,17.189638368822923
7.815982577030712,0.22207097089234246,0.7491768941360497,0.3203500335487233,1.4965531475141258,1.3098542648420353,3.345438894759232,17.2270521641418
7.88470551189038,0.21796799970552738,0.7461327463930288,0.319228952980011,1.4990583775063675,1.3128707817382383,3.3485750016547033,17.263667421824564
7.953887522219071,0.21393888233260777,0.743144453876874,0.3181371123017489,1.501537655152699,1.3158390402397686,3.3516415552116956,17.29952211003497
8.023527676632055,0.20998229474975316,0.7402099554664169,0.31707287986221,1.503989197321971,1.3187320806946115,3.3546475542601697,17.33469268517571
8.09359143447589,0.20609651052423486,0.7373240677704789,0.3160325979403354,1.5064133354611415,1.3216319938831147,3.3576091956673926,17.369331664649962
8.164042818907172,0.2022798565261179,0.7344817831873741,0.3150127869500942,1.5088098784066455,1.3245129609028403,3.360541002144285,17.403579872818455
8.234832650971832,0.1985305697366562,0.7316772022582361,0.31400945202300756,1.5111796050933421,1.3273493080734176,3.363458500397917,17.437593094298904
8.305877315001641,0.19484656591988891,0.7289016657251206,0.31301686194746164,1.5135265010396006,1.3302561528311292,3.366382624533408,17.47158699063121
8.377120564806617,0.1912261947308153,0.7261495793113086,0.31203139083396064,1.515852306120711,1.3331343544933216,3.3693254589437767,17.505692015830434
8.44847851946193,0.1876675792903628,0.7234132876956352,0.3110481351221749,1.5181617067898312,1.3360248557121444,3.372302885107312,17.540081190228616
8.519868548120773,0.18416896484424541,0.7206857686114327,0.31006268183374613,1.5204597554742976,1.338965769460523,3.3753280648274693,17.574903383509543
8.591219628454493,0.18072881906877686,0.7179614932872748,0.3090716601658851,1.5227509787518374,1.3419236661199982,3.3784097365627765,17.610264578508904
8.662459205323973,0.17734567482164285,0.7152351836977597,0.3080719111127463,1.5250405559049158,1.3449323179506523,3.3815552434769613,17.646258366663133
8.733542550293887,0.17401841963372938,0.712504279542566,0.3070620862835136,1.5273316906479968,1.3479184497587102,3.3847634610556727,17.682894638792995
8.804587823959587,0.17074756338934108,0.7097800037156489,0.3060498129268779,1.5296138977238778,1.350920395400103,3.3879899922899264,17.719752419487794
8.875661108900385,0.16753299628401858,0.7070685338961158,0.3050393316347754,1.5318819321388586,1.353928923449265,3.3912175465552146,17.756658636710004
8.94679052388926,0.1643741933354983,0.7043725640787485,0.30403256888760943,1.534134337956305,1.3568751004599493,3.3944405733907743,17.793553953333653
9.01800267751922,0.16127059191695656,0.7016944852606251,0.3030312255814443,1.5363701467661166,1.3597924402056443,3.3976552924356085,17.830394637346277
9.089320227207864,0.15822157458326608,0.6990362138304784,0.30203666985242167,1.538588999645097,1.362715041407546,3.4008595924843594,17.867152785156904
9.160757624535112,0.15522643963360844,0.6963988892014626,0.30104974543459423,1.5407914180614153,1.3656103889700628,3.4040523504556215,17.90381213581098
9.2323251776131,0.15228444551210932,0.6937832427906677,0.30007101635879097,1.5429783772531669,1.36844671454025,3.4072331870742034,17.940364492873886
9.304034379810467,0.14939485918189563,0.6911900379434217,0.29910105574245727,1.5451507951177597,1.3712927321656705,3.4104032593885694,17.97681468625532
9.37588855362346,0.14655688248407708,0.6886193582515299,0.2981399868127462,1.5473102596658874,1.3741170042642974,3.413563497581424,18.01316878837554
9.44789005053762,0.14376971614307718,0.6860711930621773,0.29718786542317543,1.5494583749192368,1.376921591121617,3.41671541385129,18.049438459996335
9.520039036839629,0.14103255200572828,0.6835453551414709,0.29624462843981164,1.551596829115347,1.3797085088977659,3.4198607255795217,18.08563813209145
9.592333922301686,0.13834457845454648,0.6810415246022515,0.2953101237213241,1.5537273265390692,1.3824796657730862,3.4230012367742537,18.12178380397279
9.664771736465363,0.13570498477180634,0.6785592857501401,0.29438413517839923,1.5558515365403125,1.3852368147521512,3.4261387440767184,18.157892066100345
9.737348452711922,0.13311296458265973,0.6760981574741969,0.29346640338615104,1.5579710523470351,1.3879815206139867,3.429274964405522,18.193979324732233
9.810059263317882,0.13056771851370563,0.6736576179511516,0.2925566423041008,1.5600873598443068,1.3907151391790171,3.4324114817066462,18.23006120770027
9.882898920834744,0.1280684569148316,0.6712371322268539,0.2916545576553907,1.562201807036536,1.3934709619109091,3.4355500440054674,18.266155015344733
9.955861395682753,0.12561439786546755,0.6688361303305438,0.2907598333250468,1.564315631532189,1.3961854288478146,3.4386911651838323,18.302267558646818
10.028940876997272,0.1232047737479391,0.6664540790188472,0.28987217787388714,1.5664298861214938,1.3989233846159257,3.4418364905677934,18.3384155011057
10.102131560130786,0.12083882954713118,0.6640904661971331,0.28899131469594785,1.5685454637465384,1.4016215138982209,3.44498626891718,18.37460325253754
10.175427166824312,0.1185158198161619,0.6617447682576151,0.28811696120397057,1.5706631443027983,1.4043436154364437,3.4481415909778463,18.41084274526813
10.24882200963025,0.11623501484690518,0.659416521945713,0.2872488749757968,1.5727835254719145,1.4070580275790305,3.4513026338769532,18.447137641548945
10.312741518455534,0.11394284691391734,0.6565692514350092,0.28607613573868906,1.5756375634794915,1.4089368826195485,3.454590173741085,18.487039293971318
10.386448508591409,0.1117463987959544,0.6542929570921274,0.28523297249226415,1.5777505269801233,1.411629514442232,3.457737634158084,18.52314387816233
10.46029252614018,0.10959024931901827,0.6520353205975812,0.28439673075253713,1.5798633147375696,1.4143220693875191,3.4608940662921475,18.559326452621768
10.534262194846246,0.10747366565398406,0.6497954529992425,0.2835668892359773,1.5819766046357915,1.4170450955025677,3.4640600964621377,18.59559701152269
10.608347442811526,0.1053959366152732,0.6475725867254098,0.2827430081063019,1.584090894222199,1.4197361537844966,3.467235752568445,18.631959663271488
10.682538927563112,0.10335636858734468,0.6453660321288625,0.2819247001829684,1.5862065623107602,1.4224257537791598,3.470421272892321,18.668420008389564
11.428806392469207,0.08491813311637644,0.6240957327185441,0.2739957946719813,1.6074539417591196,1.4493738740650441,3.502735317811548,19.038144873469914
12.181014996270331,0.0696372702985614,0.6041317256382217,0.26647590345444216,1.6287325969541335,1.4757978195692403,3.535577186937134,19.414997132331543
12.954754076118135,0.05704460621947041,0.5857232945315133,0.2594227768919672,1.6488212242451652,1.5034264733462472,3.5695113352652434,19.803599320193342
13.71766956231096,0.04662728933332648,0.5679706234365458,0.2525531507191589,1.669649289504536,1.5285911783619026,3.6029553939458925,20.192431968561444
14.523341820002326,0.038109502515779874,0.5525167260951538,0.2467310445216045,1.687738781568925,1.5508662331649412,3.6312397559411043,20.524930993721288
18.556757256471258,0.013622318912898172,0.48568390541289497,0.22082375242971017,1.778590369508031,1.6545132727662863,3.7797499644010064,22.29982137444872
22.809505286440466,0.004775929782402634,0.4360322034576439,0.20095308385091548,1.8582555883691467,1.7459010826924435,3.917122284102853,23.989067308477942
27.22999899181151,0.0016501514776469759,0.397215161213134,0.18496757417569676,1.9332355467538476,1.8303024457113972,4.048886932981304,25.656190313462204
31.839697918313995,0.0005642667624299166,0.3661845855631888,0.1718366892747198,2.0020525348319924,1.9089456687123345,4.173512864726663,27.278316954427513
36.551653131060434,0.00019118486637561153,0.3403703215576928,0.16078726471489813,2.067475864440232,1.9783949034831174,4.290795001386033,28.85056668686968
41.48494752202552,6.440880958535527e-05,0.3190931702773777,0.15154175495509892,2.126186319081275,2.0433831385051606,4.399986233286031,30.349445248023567
52.00704371287183,7.2115909280041545e-06,0.28407735666028006,0.13602750410783415,2.2395061426026963,2.165963248074985,4.611124125340685,33.350416858834734
81.12263826451924,9.006810659968336e-08,0.2261153230161835,0.10963417272595728,2.486865716349879,2.4279903556057807,5.079061961465867,40.490823268036465
107.27768583803731,1.0357494187207507e-09,0.19604885197878047,0.0956199567098252,2.658846705598225,2.6075170441239974,5.408986151954902,45.93390634828164
141.987553321127,1.1915853025324162e-11,0.17002924176187212,0.0833297453319477,2.844962718328751,2.7996647654356432,5.7681639509178115,52.245699829469345
205.3651370105159,1.4330566527898187e-13,0.14093355667488325,0.06940646284135518,3.1130928771798843,3.0754919088845614,6.2911079775368455,62.15715051790149
271.68236968221424,1.6482790106114142e-15,0.12246401621466602,0.060485058182583505,3.3316723569264286,3.2994606260281882,6.72049551374925,70.93608191819764
545.2873220011,2.3351388010161197e-17,0.08624811930663515,0.04281226611004517,3.9544580405865526,3.9317405452812717,7.949184817081215,99.25340823092618
855.1367604042786,2.9242721494489503e-19,0.06898082823108262,0.034312640892369704,4.414560383473081,4.396397398961984,8.86110496814643,123.33477052656372
911.5214487607268,3.019141349391788e-21,0.06657814355005287,0.033125536643977105,4.492755208336929,4.474960800402004,9.016304981840246,127.69327814843236
1019.3998368249102,3.192804154383589e-23,0.06295187101083694,0.03133374601521824,4.618852770269069,4.602061333866214,9.266882375129061,134.8899316085372
1201.5273267739651,3.466305420435373e-25,0.05800558667457888,0.02888689779367622,4.809655557475442,4.794350627352405,9.646398545821041,146.16528760342874
1516.8788841060175,3.8947129343586004e-27,0.05162981237802995,0.02572833297574679,5.095437067472393,5.081770912997696,10.21487580081464,163.90106877561
2663.7771399454614,5.16117926441764e-29,0.03893257746506289,0.019423474206992235,5.862371999799734,5.852088943774456,11.742901574447645,216.60520147578399
